name,type,city,district,address,phone,latitude,longitude,updated_at
Sahajanand Hospital,Multispecialty,Ahmedabad,Ahmedabad,2nd Floor Omkar Plaza Nr Raspan Circle New India Colony Nikol,02048562555,23.0482,72.6681,2026-08-10
Palm Hospital,Multispecialty,Ahmedabad,Ahmedabad,3rd Floor Palm Arcade Shukan Cross Road Nikol-Naroda Rd Nikol,09909005385,23.0512,72.6695,2026-08-10
Kalrav Hospital,Multispecialty,Ahmedabad,Ahmedabad,Pancham Mall Nikol Gam Road Nr Jivan Wadi Nikol,08980798433,23.0451,72.6642,2026-08-10
Shukan Medical Hospital,General Hospital,Ahmedabad,Ahmedabad,11 3rd Floor Palm Arcade Nikol-Naroda Rd Nikol,07600414313,23.0515,72.6698,2026-08-10
Pramukh Multispecialty Hospital,Multispecialty,Ahmedabad,Ahmedabad,New India Colony Nikol,07922900100,23.0478,72.6675,2026-08-10
Urban Primary Health Center Nikol,UPHC,Ahmedabad,Ahmedabad,Nr Zeel Residency Opp Beti Bachao Maidan Nikol Gam,07922900001,23.0435,72.6631,2026-08-10
Samriddhi Hospital,General Hospital,Ahmedabad,Ahmedabad,Shukan Cross Road Nikol Gam,07922900102,23.0508,72.6690,2026-08-10
Shakti Hospital,General Hospital,Ahmedabad,Ahmedabad,Gangotri Circle Road Nikol Gam,07922900103,23.0462,72.6655,2026-08-10
Patel Orthopaedic Hospital,Orthopedic,Ahmedabad,Ahmedabad,Nikol Naroda Road Nikol Gam,07922900104,23.0520,72.6701,2026-08-10
Swastik Multispecialty Hospital,Multispecialty,Ahmedabad,Ahmedabad,Sardar Patel Ring Road Nikol,07922900105,23.0495,72.6780,2026-08-10
Samved Hospital,General Hospital,Ahmedabad,Ahmedabad,Opp Madhuvan Green Party Plot Nikol,07922900106,23.0440,72.6620,2026-08-10
Aaradhya Hospital,General Hospital,Ahmedabad,Ahmedabad,Jivan Vadi Nikol Gam,07922900107,23.0448,72.6638,2026-08-10
Sarthak Medical And ICU Hospital,ICU & Critical Care,Ahmedabad,Ahmedabad,Opp Rajhans Cinema Nikol,07922900108,23.0470,72.6660,2026-08-10
Shashvat General Hospital,General Hospital,Ahmedabad,Ahmedabad,Skylark Road Nikol Gam,07922900109,23.0430,72.6610,2026-08-10
Gopi Women's Hospital,Maternity & Gynecology,Ahmedabad,Ahmedabad,Basant Bahar Cross Road Nikol,07922900110,23.0488,72.6670,2026-08-10
Amrutam Hospital,General Hospital,Ahmedabad,Ahmedabad,Raspan Arcade Nikol Gam,07922900111,23.0475,72.6678,2026-08-10
Vidya Eye Hospital,Ophthalmology,Ahmedabad,Ahmedabad,Nikol Naroda Road Nikol Gam,07922900112,23.0525,72.6710,2026-08-10
Narnarayan Hospital Critical Care,Critical Care,Ahmedabad,Ahmedabad,Nikol Gam Road Nikol,07922900113,23.0455,72.6645,2026-08-10
Nilkanth Multispecialty Hospital,Multispecialty,Ahmedabad,Ahmedabad,Nikol Gam Road Nikol,07922900114,23.0458,72.6648,2026-08-10
Krishna Medical Hospital,General Hospital,Ahmedabad,Ahmedabad,Nikol Gam Road Nikol,07922900115,23.0460,72.6650,2026-08-10
Heyansh Oral Cancer Hospital,Oncology,Ahmedabad,Ahmedabad,Naroda Road Nikol,07922900116,23.0530,72.6715,2026-08-10
Maa Multicare Hospital,Multispecialty,Ahmedabad,Ahmedabad,S P Ring Road Nikol,07922900117,23.0500,72.6785,2026-08-10
Sanket Surgical Hospital,Surgical,Ahmedabad,Ahmedabad,Nikol Gam Road Nikol,07922900118,23.0450,72.6640,2026-08-10
Me And Mommy Women's Hospital,Maternity & Gynecology,Ahmedabad,Ahmedabad,Nikol Gam Road Nikol,07922900119,23.0453,72.6643,2026-08-10
Kanba Hospital,Multispecialty,Ahmedabad,Ahmedabad,Nikol Gam Road Nikol,07922900120,23.0457,72.6647,2026-08-10
Prasad Hospital,General Hospital,Ahmedabad,Ahmedabad,Nikol Gam Road Nikol,07922900121,23.0461,72.6651,2026-08-10
Venus Children's Hospital,Pediatrics,Ahmedabad,Ahmedabad,Nikol Gam Road Nikol,07922900122,23.0463,72.6653,2026-08-10
Krisha Hospital,General Hospital,Ahmedabad,Ahmedabad,Nikol Gam Road Nikol,07922900123,23.0465,72.6655,2026-08-10
Aastha Hospital Nikol,General Hospital,Ahmedabad,Ahmedabad,Nikol Gam Road Nikol,07922900124,23.0467,72.6657,2026-08-10
Health Care Hospital Nikol,General Hospital,Ahmedabad,Ahmedabad,Above Rajwadu Sweet Mart Nikol Gam,07922900125,23.0442,72.6625,2026-08-10
Parli Cosmetics Hospital,Dermatology & Cosmetic,Ahmedabad,Ahmedabad,Sarovar Plaza Gangotri Circle Nikol,07922900126,23.0464,72.6656,2026-08-10
Sardar Medical Unit,Primary Care,Ahmedabad,Ahmedabad,Nikol Gam Road Nikol,07922900127,23.0449,72.6639,2026-08-10
Earth Shakti Hospital,Ayurvedic & General,Ahmedabad,Ahmedabad,Nikol Naroda Road Nikol,07922900128,23.0532,72.6718,2026-08-10
Aapta Ayurved Panchkarma Center,Ayurvedic,Ahmedabad,Ahmedabad,Gangotri Circle Road Nikol,07922900129,23.0463,72.6654,2026-08-10
Tanuved Ayurved Hospital,Ayurvedic,Ahmedabad,Ahmedabad,Near Town Plaza Nikol,07922900130,23.0472,72.6663,2026-08-10
Sattvam Ayurveda Hospital,Ayurvedic,Ahmedabad,Ahmedabad,Nikol Naroda Road Nikol,07922900131,23.0518,72.6700,2026-08-10
Radicare Diagnostic & Imaging,Diagnostics,Ahmedabad,Ahmedabad,Shukan Cross Naroda Road Nikol,07922900132,23.0510,72.6692,2026-08-10
Hamirji Hospital Nikol,General Hospital,Ahmedabad,Ahmedabad,Thakkarbapa Nagar Road Nikol,07922900133,23.0540,72.6610,2026-08-10
Shivlal Hamirji Hospital,General Hospital,Ahmedabad,Ahmedabad,Thakkarbapa Nagar Road Nikol,07922900134,23.0542,72.6612,2026-08-10
Banker Eye Hospital Nikol,Ophthalmology,Ahmedabad,Ahmedabad,Virat Nagar Road Nikol,07922900135,23.0380,72.6600,2026-08-10
Central United Hospital,Multispecialty,Ahmedabad,Ahmedabad,Odhav Cross Road Nikol Extension,07922900136,23.0290,72.6650,2026-08-10
Kalp Multispecialty Hospital,Multispecialty,Ahmedabad,Ahmedabad,Virat Nagar Road Odhav-Nikol,07922900137,23.0375,72.6595,2026-08-10
Shree Health Care Center Nikol,General Clinic,Ahmedabad,Ahmedabad,New India Colony Nikol,07922900138,23.0479,72.6676,2026-08-10
Navjivan Children Hospital,Pediatrics,Ahmedabad,Ahmedabad,Raspan Cross Road Nikol,07922900139,23.0476,72.6672,2026-08-10
Apex Heart & Surgical Hospital,Cardiology & Surgery,Ahmedabad,Ahmedabad,SP Ring Road Nikol,07922900140,23.0505,72.6788,2026-08-10
Dev Multispecialty Hospital,Multispecialty,Ahmedabad,Ahmedabad,Ankur Chokadi Nikol,07922900141,23.0474,72.6668,2026-08-10
Lifeline Critical Care Hospital,ICU & Emergency,Ahmedabad,Ahmedabad,Shukan Cross Road Nikol,07922900142,23.0509,72.6693,2026-08-10
Siddhi Vinayak Hospital,General Hospital,Ahmedabad,Ahmedabad,Gangotri Circle Nikol,07922900143,23.0461,72.6652,2026-08-10
Shreeji Surgical Hospital,Surgical,Ahmedabad,Ahmedabad,Nikol Gam Road Nikol,07922900144,23.0452,72.6641,2026-08-10
Vraj Women's Hospital,Maternity,Ahmedabad,Ahmedabad,Town Plaza Nikol,07922900145,23.0471,72.6664,2026-08-10
Sanjivani Multispecialty Hospital,Multispecialty,Ahmedabad,Ahmedabad,Nikol Naroda Road Nikol,07922900146,23.0516,72.6697,2026-08-10
Dhanvantari Health Center,Ayurvedic & General,Ahmedabad,Ahmedabad,New India Colony Nikol,07922900147,23.0481,72.6679,2026-08-10
Care & Cure Hospital Nikol,General Hospital,Ahmedabad,Ahmedabad,Raspan Circle Nikol,07922900148,23.0477,72.6674,2026-08-10
Divine Eye Care Center,Ophthalmology,Ahmedabad,Ahmedabad,Nikol Gam Road Nikol,07922900149,23.0456,72.6646,2026-08-10
Maruti Orthopedic Hospital,Orthopedic,Ahmedabad,Ahmedabad,Gangotri Circle Nikol,07922900150,23.0466,72.6658,2026-08-10
Shree Ram General Hospital,General Hospital,Ahmedabad,Ahmedabad,SP Ring Road Nikol,07922900151,23.0502,72.6782,2026-08-10
Urban Health Center Naroda,UPHC,Ahmedabad,Ahmedabad,Naroda Muthiya Road Nikol Extension,07922900152,23.0650,72.6680,2026-08-10
Urban Health Center Odhav,UPHC,Ahmedabad,Ahmedabad,Odhav Gam Nikol Road,07922900153,23.0250,72.6580,2026-08-10
Shubh Skin & Hair Hospital,Dermatology,Ahmedabad,Ahmedabad,Raspan Arcade Nikol,07922900154,23.0473,72.6671,2026-08-10
Shivam Pediatric Hospital,Pediatrics,Ahmedabad,Ahmedabad,Shukan Cross Road Nikol,07922900155,23.0511,72.6694,2026-08-10
Astha Dental & Medical Hospital,Dental & General,Ahmedabad,Ahmedabad,New India Colony Nikol,07922900156,23.0483,72.6683,2026-08-10
BAPS Swaminarayan Health Center,General Hospital,Ahmedabad,Ahmedabad,Nikol Ring Road Nikol,07922900157,23.0498,72.6775,2026-08-10
Pulse Multispecialty Hospital,Multispecialty,Ahmedabad,Ahmedabad,Ankur Chokadi Nikol,07922900158,23.0475,72.6669,2026-08-10
Akshar Surgical Hospital,Surgical,Ahmedabad,Ahmedabad,Pancham Mall Nikol,07922900159,23.0454,72.6644,2026-08-10
Kashiba General Hospital,General Hospital,Ahmedabad,Ahmedabad,Thakkarbapa Nagar Nikol Road,07922900160,23.0538,72.6608,2026-08-10
Shreeji Maternity Hospital,Maternity,Ahmedabad,Ahmedabad,Nikol Gam Road Nikol,07922900161,23.0459,72.6649,2026-08-10
Aura Cosmetic Clinic,Dermatology,Ahmedabad,Ahmedabad,Town Plaza Nikol,07922900162,23.0469,72.6662,2026-08-10
Vadhan Diagnostic & Hospital,Diagnostics,Ahmedabad,Ahmedabad,Gangotri Circle Nikol,07922900163,23.0468,72.6659,2026-08-10
Radiance Eye Care Hospital,Ophthalmology,Ahmedabad,Ahmedabad,Nikol Naroda Road Nikol,07922900164,23.0522,72.6703,2026-08-10
Sharda Children Hospital,Pediatrics,Ahmedabad,Ahmedabad,New India Colony Nikol,07922900165,23.0485,72.6685,2026-08-10
Gajanand Hospital,General Hospital,Ahmedabad,Ahmedabad,Raspan Cross Road Nikol,07922900166,23.0478,72.6677,2026-08-10
Heal Well Multispecialty Hospital,Multispecialty,Ahmedabad,Ahmedabad,SP Ring Road Nikol,07922900167,23.0507,72.6790,2026-08-10
Nidan Critical Care Center,ICU,Ahmedabad,Ahmedabad,Nikol Gam Road Nikol,07922900168,23.0447,72.6637,2026-08-10
Sarvodya Primary Clinic,Primary Care,Ahmedabad,Ahmedabad,Zeel Residency Opp Beti Bachao Maidan Nikol,07922900169,23.0437,72.6633,2026-08-10
Apple Women's Hospital,Maternity & Gynecology,Ahmedabad,Ahmedabad,Shukan Cross Road Nikol,07922900170,23.0513,72.6696,2026-08-10
Gurukripa Orthopedic Center,Orthopedic,Ahmedabad,Ahmedabad,Ankur Chokadi Nikol,07922900171,23.0473,72.6667,2026-08-10
Satyam Surgical Hospital,Surgical,Ahmedabad,Ahmedabad,Nikol Naroda Road Nikol,07922900172,23.0528,72.6712,2026-08-10
Dhyan Eye Hospital,Ophthalmology,Ahmedabad,Ahmedabad,Pancham Mall Nikol,07922900173,23.0452,72.6643,2026-08-10
Shree Kishna Children Hospital,Pediatrics,Ahmedabad,Ahmedabad,Town Plaza Nikol,07922900174,23.0470,72.6665,2026-08-10
Matru Primary Healthcare,Primary Care,Ahmedabad,Ahmedabad,New India Colony Nikol,07922900175,23.0484,72.6684,2026-08-10
Spine & Joint Hospital Nikol,Orthopedic,Ahmedabad,Ahmedabad,SP Ring Road Nikol,07922900176,23.0504,72.6784,2026-08-10
Metro Multispecialty Hospital,Multispecialty,Ahmedabad,Ahmedabad,Nikol Gam Road Nikol,07922900177,23.0464,72.6654,2026-08-10
Life Care ICU & Medical Hospital,ICU & General,Ahmedabad,Ahmedabad,Raspan Circle Nikol,07922900178,23.0476,72.6673,2026-08-10
Aarya ENT Hospital Nikol,ENT,Ahmedabad,Ahmedabad,Gangotri Circle Nikol,07922900179,23.0465,72.6657,2026-08-10
Vedic Healing Center,Ayurvedic,Ahmedabad,Ahmedabad,Nikol Naroda Road Nikol,07922900180,23.0521,72.6702,2026-08-10
Devam Maternity & Surgical Hospital,Maternity & Surgery,Ahmedabad,Ahmedabad,Shukan Cross Road Nikol,07922900181,23.0514,72.6697,2026-08-10
Noble Eye Care Center,Ophthalmology,Ahmedabad,Ahmedabad,Ankur Chokadi Nikol,07922900182,23.0476,72.6670,2026-08-10
Suryam Diagnostic & Health Care,Diagnostics,Ahmedabad,Ahmedabad,New India Colony Nikol,07922900183,23.0486,72.6686,2026-08-10
Parth Hospital Nikol,General Hospital,Ahmedabad,Ahmedabad,Nikol Gam Road Nikol,07922900184,23.0446,72.6636,2026-08-10
Unique Children Hospital,Pediatrics,Ahmedabad,Ahmedabad,Town Plaza Nikol,07922900185,23.0471,72.6666,2026-08-10
Shubham Orthopedic Hospital,Orthopedic,Ahmedabad,Ahmedabad,Raspan Circle Nikol,07922900186,23.0479,72.6677,2026-08-10
Aastha Skin & Laser Center,Dermatology,Ahmedabad,Ahmedabad,Pancham Mall Nikol,07922900187,23.0453,72.6644,2026-08-10
Jivraj General Hospital Nikol,General Hospital,Ahmedabad,Ahmedabad,Nikol Naroda Road Nikol,07922900188,23.0526,72.6708,2026-08-10
Om Multispecialty Care,Multispecialty,Ahmedabad,Ahmedabad,SP Ring Road Nikol,07922900189,23.0506,72.6787,2026-08-10
Pratham Critical Care Hospital,ICU,Ahmedabad,Ahmedabad,Shukan Cross Road Nikol,07922900190,23.0510,72.6691,2026-08-10
Tulsi General Hospital,General Hospital,Ahmedabad,Ahmedabad,Gangotri Circle Nikol,07922900191,23.0467,72.6658,2026-08-10
Krupa Women's Hospital,Maternity,Ahmedabad,Ahmedabad,New India Colony Nikol,07922900192,23.0487,72.6687,2026-08-10
Siddheshwar Surgical Hospital,Surgical,Ahmedabad,Ahmedabad,Ankur Chokadi Nikol,07922900193,23.0477,72.6671,2026-08-10
Bhavya Eye Hospital,Ophthalmology,Ahmedabad,Ahmedabad,Nikol Gam Road Nikol,07922900194,23.0458,72.6648,2026-08-10
Cure & Care Primary Health Center,UPHC,Ahmedabad,Ahmedabad,Opp Beti Bachao Maidan Nikol Gam,07922900195,23.0436,72.6632,2026-08-10